Decision Log;;;;;;;;;;;;;;
Decisions and deferments taken during M1 and M2, the alternatives weighed, and what each one commits or blocks downstream;;;;;;;;;;;;;;
;;;;;;;;;;;;;;
ID;Date;Decision or deferment;Alternatives considered;Rationale;Consequences / downstream impact;Evidence still required (if deferred);Owner;Preserved from v1.0;Status;;;Decision status;;
DEC-001;2026/09/06;Scope CivicConnect to a campus / educational institution context;"Municipality or local government; community NGO; residential estate";The Master Brief does not name the client organisation. The request types listed in s.2 (facility faults, IT support, lost property, security concerns) correspond to an institutional campus. A recorded assumption is preferable to proceeding with an ambiguous stakeholder set.;Determines the entire stakeholder register and the applicability of POPIA (CON-007). If the assumption is wrong, STK-001 to STK-009 and every derived requirement must be revisited.;—;Ethan;;DECIDED;;;Decided;;10
DEC-002;2026/09/29;Adopt a MERN stack: MongoDB, Express, React and Node.js, with MongoDB Atlas as the managed database service;Database decision such as Postgres and MySQL which would change the backend platform.;Decided at M2, closing the deferment recorded at v1.0. The five build-repeatability properties identified in the team's Assignment 2 research were applied as selection criteria rather than as work following the selection. Team capability under CON-004 is an engineering input rather than a preference: a single language across client and server removes a context switch for three part-time members. Availability under CON-008 is satisfied because Atlas is a hosted service independent of the institutional environment.;"CON-015 (trigger-based database auditing) is satisfiable: Atlas provides managed Database Triggers that fire on insert, update and delete. Free M0 clusters deploy as a three-node replica set, so change streams and multi-document transactions are both available, and the transactional position carried in the Assignment 2 persistence research transfers. Two consequences remain open. Free M0 clusters do not support backups, which bears directly on NFR-1.5; this is carried as DEC-010. And the database now sits with a second provider alongside the DEC-003 host, which is a dependency under CON-008 and a cost position under CON-003. The decision closed after the 22 September working deadline imposed by CON-013, so the exposure recorded as RSK-015 materialised rather than being avoided.";—;Ethan;Defer selection of the technology stack. Evidence required at deferment: verified availability of candidate technologies in the institutional environment under CON-008. Working deadline of 22 September imposed by CON-013.;DECIDED;;;Deferred;;1
DEC-003;2026/09/29;Adopt Hostinger as the application hosting and deployment platform, with MongoDB Atlas as the managed database service;Vercel, However Hostinger offers more flexibility and customization  given we have access to the server.;Decided at M2, closing the deferment recorded at v1.0. The deferment identified the trade-off between CON-003 (free or low-cost services) and CON-006, CON-007 and CON-019 (audit log retention, backup and encryption), which free tiers commonly omit. Separating application hosting from the database service addresses that trade-off directly: the audit and replica-set capabilities the data layer requires are provided by the managed database service rather than by the application host.;"SCP-014 (status notification) and SCP-015 (photograph attachments) are released from their dependency on this decision and may be reconsidered through controlled change. The evidence named at deferment - documented limits covering audit log retention, backup and likely operational cost beyond the educational context - must now be recorded against the specific plan and cluster tier selected rather than against the platforms in general. Backup capability is determinable for the first time, so the 24-hour recovery point asserted in NFR-1.5 becomes testable rather than assumed; the tier question this raises is carried as DEC-010. Two providers rather than one increases the dependency surface under CON-008. Closed after the 22 September deadline, with the same consequence recorded under DEC-002.";—;Ethan;"Defer selection of the hosting and deployment platform. Alternatives at deferment: commit to a free-tier platform now; commit to a paid platform now. Evidence required: documented free-tier limits for candidate platforms covering audit log retention, backup and likely operational cost beyond the educational context.";DECIDED;;;Superseded;;1
DEC-004;2026/09/06;Treat role-based access control as an architecturally significant requirement;"Handle authorisation as an application-level concern during construction; use a single shared staff view";The CFL-002 resolution restricts security-request visibility by role. Authorisation applied late cannot be retrofitted cleanly across every view and transition, and CON-006 requires it to be addressed from requirements onward.;Constrains the M2 architecture and data model. Adds verification obligations in M3 under CON-005.;—;Ethan;;DECIDED;;;Total logged;;12
DEC-005;2026/09/29;Retain identifiable personal information for one month, with aggregated statistics retained beyond that period;"Retain indefinitely; adopt a longer fixed period; continue deferring pending STK-009 guidance";"Decided as a team judgement. No statutory obligation requires a minimum retention period for this data; the operative constraint under CON-007 runs the other way, since POPIA requires that personal information not be retained for longer than necessary to achieve the purpose it was collected for. One month was selected as the shortest period that still allows a backup cycle to complete and a request to be reconciled before identifiable data is removed. Aggregated statistics are retained beyond it so that SCP-011 reporting survives deletion. The period is a team position rather than stakeholder-validated guidance from STK-009, and is carried as such.";"NFR-4.2 is released from OI-05 and now states a period that can be written and verified; AC-NFR-4.2 becomes writable and must be added. SCP-020 (automated enforcement of the retention period) remains deferred as a capability, but the original basis for that deferment - that the period itself was undecided - no longer holds, so SCP-020's basis must be rewritten rather than left as recorded. RSK-002, the highest-scoring exposure in the register, is re-scored or closed. The one-month window also bounds what can be reconstructed after an incident, so it interacts with the audit obligation under CON-015 and with the operational evidence position.";—;Ethan;"Defer the personal-information retention period. Alternatives at deferment: retain indefinitely; adopt an arbitrary fixed period. Evidence required: retention guidance from the information officer, or a documented institutional retention standard.";DECIDED;;;;;
DEC-006;2026/09/06;Limit mandatory capture fields at submission to category, location and description;"Capture full structured detail at submission; make all detail optional";"Resolution of CFL-001. Minimal mandatory capture protects submission speed for STK-001; category remains mandatory because the SCP-011 reporting depends on it.";Reporting richness for STK-005 depends on post-submission detail being supplied. If uptake is poor, this decision may need revisiting through change control.;—;Ethan;;DECIDED;;;;;
DEC-007;2026/09/06;Exclude a native mobile application from the committed scope;"Native mobile in addition to web; native mobile instead of web";A responsive web interface meets the access need within CON-002 and CON-004. A second build and release path is not supportable by three part-time students within the delivery period.;Places a usability obligation on the web interface for mobile viewports, which becomes a quality attribute for Member B to specify measurably under CON-005.;—;Ethan;;SUPERSEDED;;;;;
DEC-008;2026/09/08;Adopt a two-stage protected branching model: feature branches merge to dev, dev merges to main only at a release or baseline point. Both branches protected with two required approvals.;"Trunk-based development with feature branches directly to a single protected main; full GitFlow with release and hotfix branches";Keeps main as a clean controlled product state matching Master Brief s.9, while allowing integration work to accumulate in dev without repeatedly disturbing the controlled baseline. Full GitFlow adds release and hotfix branches that three students on a single delivery stream do not need.;Every substantive change requires two approvals at two merge points, so integration is slower and both teammates gate every change. main will lag dev, so baseline evidence must be explicitly merged and tagged at each milestone rather than assumed present.;—;Ethan;;DECIDED;;;;;
DEC-007 (Revised);2026/09/06  - Revised 2206/09/09;"Exclude a native mobile application from the committed scope; mobile access is delivered through responsive web";"Native mobile in addition to web; native mobile instead of web";"Originally taken as a team judgement: a responsive web interface meets the access need within CON-002 and CON-004, and a second build and release path is not supportable by three part-time students within the delivery period. Revised 09/09/2026 — the client confirmed verbally that the solution is to be a web application with mobile access via responsive web (CON-011). The decision is unchanged; its basis is now a client directive rather than a team judgement.";Places a usability obligation on the web interface at mobile viewports, to be specified measurably by Member B under CON-005. Following the revision, the exclusion is no longer a team preference and cannot be revisited without a change request under Master Brief s.14. Reduces the risk that scope pressure later reopens the question.;—;Ethan;;DECIDED;;;;;
DEC-009;2026/09/09;Adopt a controlled process for capturing verbally-issued client requirements: instructions given in session are recorded in dated team notes by a nominated member, committed to the repository within one working day, and confirmed with the client at the next session before being treated as binding.;"Rely on individual members' personal notes; request that all client instructions be issued in writing; treat verbal instructions as non-binding until they appear in a written brief.";The client (STK-010) issues requirements verbally in sessions with no written record on their side. Without a controlled capture process, a directive exists only in individual memory, cannot be traced to a source, and cannot be shown to have been the basis of a requirement or constraint. Requesting written instruction was rejected as outside the team's control. Treating verbal instruction as non-binding was rejected because the instructions are directive in practice and ignoring them would put delivery at risk. Confirming at the next session gives the client an opportunity to correct a misheard or misrecorded instruction before it propagates into requirements.;Creates a recurring obligation for the duration of the project, not a one-off task. Introduces up to a one-session lag between an instruction being given and it being treated as binding, which is a deliberate accuracy-over-speed trade-off. Every constraint or requirement derived from a verbal instruction must cite the dated note as its source, so the notes become a controlled artefact subject to the same repository controls as any other. Reduces the risk of disputed or forgotten requirements at later milestones.;—;Ethan;;DECIDED;;;;;
DEC-010;2026/09/29;Defer selection of the Atlas cluster tier, and of the mechanism by which the NFR-1.5 recovery point is met;"Remain on a free M0 cluster and meet the recovery point through scheduled mongodump; adopt the lowest paid tier that provides managed backup; amend NFR-1.5 through controlled change to state a recovery point the selected tier can evidence";MongoDB's documentation records that backups cannot be enabled on free clusters, and recommends mongodump and mongorestore as the alternative. NFR-1.5 requires recovery to a state no more than 24 hours old following total loss of the primary data store. On a free cluster that obligation therefore rests on a scheduled dump that someone must operate and evidence, rather than on a platform capability. The choice between paying for managed backup and operating a dump schedule is a cost decision under CON-003 against a supportability decision under CON-004, and neither can be made without the cost figure.;NFR-1.5 cannot be evidenced until this closes, and the M3 verification obligation under CON-005 depends on it. Free M0 clusters also limit total storage to 0.5 GB, which interacts with the 10 000-request volume assumed in NFR-2.2 and with the one-month retention period set in DEC-005. Whichever option is selected must be recorded against NFR-1.5's measurement basis.;"Cost of the lowest Atlas tier providing managed backup; whether a scheduled dump can meet a 24-hour recovery point within the capacity available under CON-004; STK-008's position on incurring the cost";Ethan;—;Deferred;;;;;
DEC-011;2026/09/29;Publish a domain event from the status-transition service and let interested components subscribe to it, using in-process event publication within the application layer;;;;;;;Decided;;;;;
DEC-012;2026/09/29;;;;;;;;;;;;;
