Stakeholder Conflicts;;;;;;;
Competing stakeholder needs, why they cannot both be fully satisfied, and the resulting change in scope or requirements;;;;;;;
;;;;;;;
ID;Stakeholder A;Stakeholder B;Nature of the conflict;Why it cannot simply be satisfied both ways;Status;Resolution (change in scope / requirements);Affected artefact refs
CFL-001;STK-001 Student / staff requester;STK-005 Operations manager;"Requester needs to submit a request in as few steps as possible; manager needs richly categorised, structured data to report on open, overdue and resolved work by category";Every additional mandatory capture field increases submission effort for the requester. Optional fields produce incomplete data, which weakens the reporting the manager depends on. Both cannot be maximised.;Proposed;Keep the mandatory field set minimal (category, location, description) and prompt for additional detail after submission rather than before. Category remains mandatory because reporting cannot function without it.;STK-001, STK-005
CFL-002;STK-001 Student / staff requester;STK-006 Campus security officer;"Requester expects full visibility of the status and handling of their own request; security officer requires restricted visibility and handling of security-concern reports";Full transparency on a security-category request could expose who is investigating, what action is being taken, or details that compromise the response. Restricting it removes the visibility that the whole platform exists to provide.;Proposed;Security-category requests expose a reduced status set to the requester (received, in progress, closed) with detail and comments restricted to an authorised security role. Drives a role-based access requirement rather than a single shared view.;STK-001, STK-006, STK-007
CFL-003;STK-002 / STK-003 Technicians;STK-004 Service desk coordinator;"Technicians want to select work from a shared queue based on their own location and availability; coordinator needs controlled assignment so that ownership and accountability are unambiguous";Open self-selection produces the same duplication and unclear ownership the current process suffers from. Fully centralised assignment removes the technicians' practical knowledge of what they can actually reach and reduces responsiveness.;Proposed;"Coordinator assigns by default; technicians may accept an unassigned request within their own category. Every assignment and status transition records the acting user, so accountability holds under either path.";STK-002, STK-003, STK-004
CFL-004;STK-005 Operations manager;STK-009 Information officer / POPIA compliance;"Manager wants historical request data retained for service-performance analysis; information officer requires personal information to be minimised and not retained longer than necessary";"Service-performance trends need history. POPIA requires retention to be justified and limited. Keeping everything indefinitely is not lawful; deleting aggressively destroys the reporting value.";Proposed — retention deferred;Define a retention period for identifiable request data and retain aggregated, non-identifying statistics beyond it. Retention period is deferred pending confirmation from the information officer.;STK-005, STK-009
;;;;;;;
Open item:  the retention period in CFL-004 is deferred pending confirmation from the information officer — all other conflicts have a proposed resolution.;;;;;;;
