Req ID,Source,Requirement (current wording),Priority,Acceptance criteria,ASR / quality-driver link,Architecture / module / component,Data / persistence impact,Design / interface decision,Technology decision,Implementation evidence,Verification evidence,Status,ADR / change / risk reference
FR-1.1,"SCP-012, CON-006",The system will require a user to authenticate with a unique individual account before any service request data is displayed.,High,AC-FR-1.1 — Then the system returns no request data and presents the authentication prompt.,ASR-01 consistent authorisation,Identity & Access — session middleware (presentation); users collection via repository (data access),"users.email unique index (one individual account per person). Server-side session store in MongoDB (sessions collection, TTL). No requests read occurs before the guard resolves the session","DEC-015: 401 problem response, no request data in body [further design entries pending - criterion E]","DEC-002 - MERN: MongoDB Atlas, Express, React, Node.js",Planned / Not Yet Implemented,Planned,Baselined,DEC-015
FR-1.2,"SCP-012, STK-007, DEC-004","The system will assign every authenticated user one or more roles from the controlled role set: Requester, Technician, Coordinator, Manager, Security Officer, Administrator.",High,AC-FR-1.2 — Then the system rejects the save and reports that a role is required.,ASR-01 consistent authorisation,Identity & Access — ROLE set src/models/_shared.js; users/roles repositories (data access),users.roles: [enum ROLE] with validator length ≥ 1 (the schema rejection *is* AC-FR-1.2). roles collection seeded by migration from the single rule set (DEC-012),Pending - initial design decisions (Criterion E),"DEC-002 - MERN: MongoDB Atlas, Express, React, Node.js",Planned / Not Yet Implemented,Planned,Baselined,DEC-004; DEC-012; review comment R-04 (code roles ≠ FR-1.2 set)
FR-1.3,"DEC-004, CON-006, SCP-005","The system will evaluate the acting user's role before executing any request view, action or status transition, and will reject the operation where the role is not authorised.",High,"AC-FR-1.3 — Then the system rejects the operation, makes no change to the request, and records the rejected attempt.",ASR-01 consistent authorisation,"Identity & Access — route guard src/middleware/authorise.js (presentation) + access rule set src/domain/accessRules.js (application), DEC-012","Effective permissions = roles.permissions ∪ groups.permissions, resolved per request, never cached in process (NFR-2.7). Rejected attempt recorded (AC-FR-1.3): auditLog insert origin:'access', eventType:'access.denied' by the app (insert-only privilege)",DEC-015: 403 [further design entries pending - criterion E],"DEC-002 - MERN: MongoDB Atlas, Express, React, Node.js","Partially implemented — role evaluated before the handler on every registered route (requireOperation(), src/middleware/authorise.js; OPERATION_RULES in src/domain/accessRules.js); the transition route is currently the only one. Recording of the rejected attempt (AC-FR-1.3) is not built",Tested — tests/authorisationGuard.test.js route-table assertion (npm test 80/80 on 30/09/2026); negative verification in docs/evidence/R-01_negative_verification.txt,Baselined,DEC-004; DEC-017 (purpose B)
FR-1.4,"STK-007, SCP-012","The system will allow an Administrator to create a user account, amend its role assignments and revoke its access.",High,AC-FR-1.4 — Then the account can no longer authenticate and its existing sessions are terminated.,ASR-01 consistent authorisation,"Identity & Access — user administration service (application, planned)","users.status (active/revoked), revokedAt, sessionEpoch. Revocation increments the epoch and every session carrying the old epoch is refused, which terminates existing sessions (AC-FR-1.4). Auth events to auditLog",Pending - initial design decisions (Criterion E),"DEC-002 - MERN: MongoDB Atlas, Express, React, Node.js",Planned / Not Yet Implemented,Planned,Baselined,-
FR-1.5,"CFL-002, STK-006, CON-007","The system will restrict the description, comment history and action history of a request in a security category to users holding the Security Officer role.",High,"AC-FR-1.5 — Then the description, comment history and action history are absent from both the rendered page and the underlying response.",ASR-01 consistent authorisation; ASR-03 personal-information protection,"Identity & Access — route guard src/middleware/authorise.js (presentation) + access rule set src/domain/accessRules.js (application), DEC-012; response serialiser point 3 (presentation, planned — C-01)","categories.isSecurity → req.securityCategory snapshot, immutable, so a later category edit cannot widen access to existing security requests. Description and hist.body of security requests are withheld at the serialiser (DEC-012 point 3). notifications.displayStatus never carries restricted detail",Pending - initial design decisions (Criterion E),"DEC-002 - MERN: MongoDB Atlas, Express, React, Node.js",Partially implemented — mayActOnRequest() and mayViewRequest() restrict security-category requests to the Security Officer in the service layer (src/domain/accessRules.js). Field-level read restriction in the response serialiser not yet built (no read endpoint),Tested (service path) — tests/statusTransitionService.test.js (npm test 80/80 on 30/09/2026); read path pending,Baselined,CFL-002; RSK-005; RSK-009; condition C-01; CFL-002 (Proposed)
FR-2.1,"SCP-001, STK-001",The system will allow a user holding the Requester role to submit a service request.,High,AC-FR-2.1 — Then the system stores a new request and returns its unique reference.,No architectural driver (§6A.3),"Requests — submission route (presentation, planned) and request service (application)","One txn: counters $inc → req insert (status: Received, version: 1) → hist created entry (requestVersion: 1)","DEC-015: POST /api/v1/requests, Idempotency-Key required, 201 + Location + ETag [further design entries pending - criterion E]","DEC-002 - MERN: MongoDB Atlas, Express, React, Node.js",Planned / Not Yet Implemented,Planned,Baselined,"DEC-015, DEC-016"
FR-2.2,"DEC-006, CFL-001","The system will require exactly three fields at submission — category, location and description — and will treat no other field as mandatory.",High,"AC-FR-2.2a — Then the system accepts the submission.
AC-FR-2.2b — Then the system rejects the submission and names the missing field.",ASR-03 personal-information protection,Requests — Request model src/models/Request.js (three mandatory fields),"Exactly three required fields at schema level: categoryId, location, description. No other field is required; title removed from the model",DEC-015: 400 names the missing field (AC-FR-2.2b) [further design entries pending - criterion E],"DEC-002 - MERN: MongoDB Atlas, Express, React, Node.js","Partially implemented — Request schema requires categoryId, location and description and nothing else (src/models/Request.js, DEC-006). Submission endpoint not yet built",Tested (model level) — tests/models.test.js (npm test 80/80 on 30/09/2026); endpoint test pending,Baselined,DEC-006; review comment R-08
FR-2.3,"SCP-002, STK-004, STK-005",The system will require the requester to select the category from a controlled list and will not accept a free-text category value.,High,AC-FR-2.3 — Then the system rejects the submission and no request is stored.,No architectural driver (§6A.3),Requests + Reference Data — category reference (categoryId) validated against categories,req.categoryId is an ObjectId reference to categories; there is no free-text category field. The service rejects inactive categories. strict:'throw' rejects an unknown category string,Pending - initial design decisions (Criterion E),"DEC-002 - MERN: MongoDB Atlas, Express, React, Node.js",Planned / Not Yet Implemented,Planned,Baselined,-
FR-2.4,"DEC-006, CFL-001, STK-005",The system will allow a requester to add further optional detail to a request after it has been submitted.,Medium,"AC-FR-2.4 — Then the detail is stored against the request together with the date, time and acting user.",No architectural driver (§6A.3),"Requests — request service update of optional detail (application, planned)","Additional detail stored as a hist entry changeType:'detail' (body, actorId, occurredAt). Append-only; nulled by PROC-001",DEC-015: POST /requests/{id}/details [further design entries pending - criterion E],"DEC-002 - MERN: MongoDB Atlas, Express, React, Node.js",Planned / Not Yet Implemented,Planned,Baselined,DEC-006; DEC-017
FR-2.5,"SCP-008, STK-005, CON-007","The system will record the submitting user, the date and the time against every request at the point of submission.",High,"AC-FR-2.5 — Then it carries the submitting user identifier, the submission date and the submission time.",ASR-02 lifecycle integrity and audit,Requests — request service records submitter and timestamp (application),"req.submittedById, req.requesterId, req.submittedAt (immutable), plus the hist created entry",Pending - initial design decisions (Criterion E),"DEC-002 - MERN: MongoDB Atlas, Express, React, Node.js",Planned / Not Yet Implemented,Planned,Baselined,-
FR-2.6,"SCP-004, STK-001, Master Brief s.2","The system will allocate a unique, immutable reference to every submitted request and display it to the requester on successful submission.",High,AC-FR-2.6 — Then it contains a request reference that is unique across all requests and that does not change for the life of the request.,No architectural driver (§6A.3),Requests — immutable reference field in Request model,"req.reference unique index, immutable: true, format CC-<yyyy>-<seq>, generated from counters inside the create txn",Pending - initial design decisions (Criterion E),"DEC-002 - MERN: MongoDB Atlas, Express, React, Node.js",Planned / Not Yet Implemented,Planned,Baselined,DEC-016
FR-3.1,"SCP-003, STK-001",The system will display to a requester a list of every request that requester has submitted.,High,AC-FR-3.1 — Then all three of their own requests are listed and the other user's request is not.,No architectural driver (§6A.3),Requests — requester list query via request repository (data access),"Query req {campusId, requesterId} sorted by submittedAt, index {campusId, requesterId, submittedAt}. After PROC-001, requesterId is null, so anonymised requests leave the requester's list (intended: the purpose is spent)",Pending - initial design decisions (Criterion E),"DEC-002 - MERN: MongoDB Atlas, Express, React, Node.js",Planned / Not Yet Implemented,Planned,Baselined,DEC-017
FR-3.2,"SCP-003, STK-001",The system will display the current status of each request in the requester's own list.,High,AC-FR-3.2 — Then the current status of that request is shown against it.,No architectural driver (§6A.3),Requests — requester list view (presentation),req.status in the same projection; no join,Pending - initial design decisions (Criterion E),"DEC-002 - MERN: MongoDB Atlas, Express, React, Node.js",Planned / Not Yet Implemented,Planned,Baselined,-
FR-3.3,"SCP-003, SCP-008",The system will display to the requester the dated status history of their own request.,Medium,AC-FR-3.3 — Then each status change is listed with its date.,ASR-02 lifecycle integrity and audit,"Lifecycle & Work Record — history read via historyRepository, displayed by Requests view","hist entries with changeType ∈ {created, status} for the request, ordered by requestVersion via unique index {requestId, requestVersion}",DEC-015: GET /requests/{id}/history [further design entries pending - criterion E],"DEC-002 - MERN: MongoDB Atlas, Express, React, Node.js",Planned / Not Yet Implemented,Planned,Baselined,-
FR-3.4,"SCP-004, STK-001","The system will display an in-application notification to the requester when their request is accepted, rejected, updated or completed.",High,AC-FR-3.4 — Then an in-application notification identifying the request and the change is available to that requester on their next session.,No architectural driver (§6A.3),Notifications — notificationSubscriber via event registry src/events/subscribers/index.js (DEC-011),"notifications (userId, requestReference, kind, displayStatus, sourceHistoryId unique with userId, read). Written by NotificationSubscriber after commit (DEC-011); idempotent on redelivery; TTL 30 days",Pending - initial design decisions (Criterion E),"DEC-002 - MERN: MongoDB Atlas, Express, React, Node.js",Planned / Not Yet Implemented,Planned,Baselined,"DEC-011, DEC-017"
FR-3.5,"CFL-002, STK-006, STK-001","The system will limit the status values shown to the requester on a security-category request to Received, In Progress and Closed.",High,"AC-FR-3.5 — Then the displayed status is one of Received, In Progress or Closed, and no other status value appears.",ASR-01 consistent authorisation,"Requests — visibleStatusFor in access rule set (application); serialiser (presentation), DEC-012 point 3",Stored req.status remains the internal FR-6.1 value. The requester-facing mapping (Received / In Progress / Closed) is applied at the serialiser and before writing notifications.displayStatus,Pending - initial design decisions (Criterion E),"DEC-002 - MERN: MongoDB Atlas, Express, React, Node.js",Partially implemented — visibleStatusFor() maps internal status to Received / In Progress / Closed (src/domain/accessRules.js); applied to requester notifications (src/events/subscribers/notificationSubscriber.js). Requester read endpoint not yet built,"Tested (notification path) — tests/statusTransitionService.test.js, tests/authorisationGuard.test.js (npm test 80/80 on 30/09/2026); read path pending",Baselined,CFL-002; RSK-005; RSK-009; condition C-01; review comment R-18 (notification leaks internal status)
FR-3.6,"CON-007, SCP-012, STK-009",The system will prevent a requester from viewing any request submitted by another user.,High,AC-FR-3.6 — Then the system refuses the request and returns no data from it.,ASR-01 consistent authorisation; ASR-03 personal-information protection,"Requests — object-level check in service (application), DEC-012 point 2","Object-level filter requesterId == actor.id, applied in the repository query itself. No data read for a foreign request",DEC-015: 404 (no existence oracle) [further design entries pending - criterion E],"DEC-002 - MERN: MongoDB Atlas, Express, React, Node.js",Planned / Not Yet Implemented,Planned,Baselined,DEC-012 point 2
FR-4.1,"SCP-005, STK-002, STK-003",The system will present to each staff user the set of requests their role and category authorisation permit them to view.,High,AC-FR-4.1 — Then the list contains every request their authorisation permits and no request outside it.,ASR-01 consistent authorisation,"Requests — category authorisation in access rule set (application), DEC-012 point 2","Filter categoryId ∈ effectiveCategoryAuthorisations(user ∪ groups); index {campusId, categoryId, assigneeId, status}",Pending - initial design decisions (Criterion E),"DEC-002 - MERN: MongoDB Atlas, Express, React, Node.js",Planned / Not Yet Implemented,Planned,Baselined,-
FR-4.2,"SCP-005, Master Brief s.3",The system will display the full detail of a request to a staff user authorised to view it.,High,"AC-FR-4.2 — Then the category, location, description, status, submission details, assignment, comment history and action history are all displayed.",ASR-01 consistent authorisation,Requests — detail read after object-level check (application),Reads req + hist timeline. No additional entity; the model supports every field AC-FR-4.2 lists,Pending - initial design decisions (Criterion E),"DEC-002 - MERN: MongoDB Atlas, Express, React, Node.js",Planned / Not Yet Implemented,Planned,Proposed — OI-01,OI-01; OI-01 (unchanged)
FR-4.3,"SCP-006, STK-004","The system will allow a staff user to search requests by request reference, category, location and description text.",High,AC-FR-4.3 — Then the request appears in the results.,ASR-04 scalability headroom,"Requests — search query in request repository, index-justified (data access, NFR-2.6)","Reference: unique index on reference. Category/location/description: text index {description, location} with category filter","DEC-015: POST /requests/search (search text kept out of URIs, CON-007) [further design entries pending - criterion E]","DEC-002 - MERN: MongoDB Atlas, Express, React, Node.js",Planned / Not Yet Implemented,Planned,Baselined,DEC-015
FR-4.4,"SCP-006, STK-004","The system will allow a staff user to filter the request list by status, category, assigned user and submission date range.",High,AC-FR-4.4 — Then only requests in that status are listed.,ASR-04 scalability headroom,"Requests — filter query in request repository, index-justified (data access, NFR-2.6)","Indexes {campusId, status, submittedAt}, {campusId, assigneeId, status}, {campusId, submittedAt, categoryId}","DEC-015: query params status, categoryId, assigneeId, from, to; cursor pagination [further design entries pending - criterion E]","DEC-002 - MERN: MongoDB Atlas, Express, React, Node.js",Planned / Not Yet Implemented,Planned,Baselined,NFR-2.6
FR-4.5,"SCP-006, STK-004","The system will allow a staff user to sort the request list by submission date, status and category.",Low,AC-FR-4.5 — Then the most recently submitted request appears first.,ASR-04 scalability headroom,"Requests — sort query in request repository, index-justified (data access, NFR-2.6)","Sort keys (submittedAt, status, categoryId) are covered by the FR-4.4 indexes; no in-memory sort (M0 32 MB sort limit)",Pending - initial design decisions (Criterion E),"DEC-002 - MERN: MongoDB Atlas, Express, React, Node.js",Planned / Not Yet Implemented,Planned,Baselined,-
FR-4.6,"CFL-003, STK-002, STK-003, STK-004",The system will present unassigned requests as a distinct set to the Coordinator and to Technicians whose category authorisation matches the request category.,High,AC-FR-4.6 — Then the request appears for the first Technician and does not appear for the second.,ASR-01 consistent authorisation,Requests — unassigned-set query plus category authorisation (application),"assigneeId: null + categoryId filter on index {campusId, categoryId, assigneeId, status}",Pending - initial design decisions (Criterion E),"DEC-002 - MERN: MongoDB Atlas, Express, React, Node.js",Planned / Not Yet Implemented,Planned,Baselined,-
FR-5.1,"SCP-007, STK-004, CFL-003",The system will allow a Coordinator to assign a request to a named staff user.,High,AC-FR-5.1 — Then the request records that user as its owner and no longer appears in the unassigned set.,ASR-01 consistent authorisation,"Assignment — assignment service (application, planned); POST /api/v1/requests/:id/assignments (DEC-015)","One txn: req.assigneeId/assignedAt, status → Assigned, version+1; hist assignment entry (fromAssigneeId, toAssigneeId)","DEC-015: POST /requests/{id}/assignments, If-Match, Idempotency-Key [further design entries pending - criterion E]","DEC-002 - MERN: MongoDB Atlas, Express, React, Node.js",Planned / Not Yet Implemented,Planned,Baselined,"DEC-015, DEC-016"
FR-5.2,"CFL-003, STK-002, STK-003",The system will allow a Technician to accept an unassigned request whose category matches their own category authorisation.,High,AC-FR-5.2 — Then that Technician is recorded as the owner of the request.,ASR-01 consistent authorisation,"Assignment — accept path with category authorisation (application, planned)","As FR-5.1, with update filter {assigneeId: null, version}, so an accept cannot overwrite an owner. Authorisation from categoryAuthorisations",Pending - initial design decisions (Criterion E),"DEC-002 - MERN: MongoDB Atlas, Express, React, Node.js",Planned / Not Yet Implemented,Planned,Baselined,DEC-016
FR-5.3,"CFL-003, STK-004",The system will reject any attempt by a Technician to accept a request that already has an assigned owner.,High,"AC-FR-5.3 — Then the system refuses, the recorded owner remains Technician 1, and the refused attempt is recorded.",ASR-02 lifecycle integrity and audit,"Assignment — conditional update on version (data access, DEC-016)",The conditional update matches 0 documents when an owner exists: refused and the owner is unchanged. The refused attempt is written to auditLog (access.denied) as AC-FR-5.3 requires,DEC-015: 422 (already assigned) / 412 (stale version) [further design entries pending - criterion E],"DEC-002 - MERN: MongoDB Atlas, Express, React, Node.js",Planned / Not Yet Implemented,Planned,Baselined,DEC-016
FR-5.4,"SCP-008, CFL-003, STK-005","The system will record the acting user, the date and the time for every assignment and reassignment.",High,"AC-FR-5.4 — Then the acting user, date and time of both the assignment and the reassignment are present.",ASR-02 lifecycle integrity and audit,Assignment + Lifecycle & Work Record — history entry per assignment (append-only),"hist assignment entry: actorId, occurredAt, from/toAssigneeId; req.lastActorId for trigger attribution",Pending - initial design decisions (Criterion E),"DEC-002 - MERN: MongoDB Atlas, Express, React, Node.js",Planned / Not Yet Implemented,Planned,Baselined,-
FR-5.5,"SCP-007, STK-004",The system will allow a Coordinator to reassign a request that already has an assigned owner.,Medium,AC-FR-5.5 — Then Technician 2 is recorded as the owner and the previous assignment remains visible in the history.,ASR-01 consistent authorisation,"Assignment — reassignment path (application, planned)","Reassignment hist entry keeps fromAssigneeId, so the previous owner remains visible (AC-FR-5.5)",Pending - initial design decisions (Criterion E),"DEC-002 - MERN: MongoDB Atlas, Express, React, Node.js",Planned / Not Yet Implemented,Planned,Baselined,-
FR-6.1,"SCP-008, STK-005","The system will maintain a controlled set of request statuses: Received, Assigned, In Progress, On Hold, Resolved, Closed and Rejected.",High,"AC-FR-6.1 — Then they are exactly Received, Assigned, In Progress, On Hold, Resolved, Closed and Rejected.",No architectural driver (§6A.3),Lifecycle & Work Record — STATUS set src/models/_shared.js,"req.status enum of exactly Received, Assigned, In Progress, On Hold, Resolved, Closed, Rejected; hist.fromStatus/toStatus share the enum",Pending - initial design decisions (Criterion E),"DEC-002 - MERN: MongoDB Atlas, Express, React, Node.js",Implemented — STATUS holds the seven FR-6.1 values in src/models/_shared.js; imported by src/domain/requestStatus.js (R-04/R-07) and used as the Request.status enum,"Tested — tests/requestStatus.test.js, tests/models.test.js (npm test 80/80 on 30/09/2026)",Baselined,Review comment R-07 (code uses different values)
FR-6.2,SCP-008,The system will permit only the status transitions defined in the controlled transition model and will reject any other transition.,High,AC-FR-6.2 — Then the system refuses it and the status is unchanged.,ASR-02 lifecycle integrity and audit,Lifecycle & Work Record — StatusTransitionService src/services/statusTransitionService.js and transition model src/domain/requestStatus.js (application); historyRepository (data access); POST /api/v1/requests/:id/transitions (DEC-015),Transition applied as a version-conditioned update + hist insert in one txn; a refused transition writes nothing,"DEC-015: POST /requests/{id}/transitions (event, not field update); 422 illegal, 412 stale, 428 missing If-Match [further design entries pending - criterion E]","DEC-002 - MERN: MongoDB Atlas, Express, React, Node.js","Implemented — TRANSITIONS table and checkTransition() in src/domain/requestStatus.js, applied by src/services/statusTransitionService.js; POST /api/v1/requests/{id}/transitions (src/routes/requestRoutes.js, docs/api/openapi.yaml)","Tested — tests/requestStatus.test.js, tests/statusTransitionService.test.js, tests/requestRoutes.test.js (npm test 80/80 on 30/09/2026)",Baselined,"DEC-015, DEC-016, CR-001"
FR-6.3,"SCP-008, STK-005, CON-007","The system will record the acting user, previous status, new status, date and time for every status transition.",High,"AC-FR-6.3 — Then the entry records the acting user, the previous status, the new status, the date and the time.",ASR-02 lifecycle integrity and audit,Lifecycle & Work Record — StatusTransitionService src/services/statusTransitionService.js and transition model src/domain/requestStatus.js (application); historyRepository (data access); POST /api/v1/requests/:id/transitions (DEC-015),"hist status entry: actorId, actorRole, fromStatus, toStatus, occurredAt, requestVersion",Pending - initial design decisions (Criterion E),"DEC-002 - MERN: MongoDB Atlas, Express, React, Node.js","Implemented — StatusTransitionService appends a requestHistory entry (actorId, actorRole, fromStatus, toStatus, occurredAt, requestVersion) in the same unit of work as the status change (src/infrastructure/unitOfWork.js, DEC-016)","Tested — tests/statusTransitionService.test.js, tests/models.test.js (npm test 80/80 on 30/09/2026); rollback against a live replica set is M3",Baselined,-
FR-6.4,"SCP-008, SCP-012, DEC-004",The system will restrict each status transition to the roles authorised to perform that transition.,High,AC-FR-6.4 — Then the system refuses it and the status is unchanged.,ASR-01 consistent authorisation,"Lifecycle & Work Record — role check in transition model (application) + route guard src/middleware/authorise.js (presentation) + access rule set src/domain/accessRules.js (application), DEC-012",hist.actorRole recorded on every entry; role verdict computed before any write,DEC-015: 403/422 [further design entries pending - criterion E],"DEC-002 - MERN: MongoDB Atlas, Express, React, Node.js",Implemented — per-transition roles and dispositionRolesFor() in src/domain/requestStatus.js; route guard requireOperation('request:transition') in src/middleware/authorise.js,"Tested — tests/requestStatus.test.js, tests/statusTransitionService.test.js, tests/authorisationGuard.test.js (npm test 80/80 on 30/09/2026)",Baselined,DEC-004
FR-6.5,"SCP-009, SCP-010",The system will require resolution information to be recorded before a request may be moved to Resolved.,High,AC-FR-6.5 — Then the system refuses and states that resolution information is required.,No architectural driver (§6A.3),Lifecycle & Work Record — transition model requestStatus.js (requiresResolution),"req.resolution.{summary, recordedAt, recordedById} must be non-null before the domain permits → Resolved; set in the same txn as the transition","DEC-015: 422 problem ""resolution-required"" [further design entries pending - criterion E]","DEC-002 - MERN: MongoDB Atlas, Express, React, Node.js","Implemented — In Progress → Resolved requires resolution information; resolution.* written by the transition (src/domain/requestStatus.js, src/services/statusTransitionService.js). Reopen behaviour open under OI-15",Tested — tests/requestStatus.test.js (npm test 80/80 on 30/09/2026),Baselined,-
FR-6.6,"SCP-010, SCP-004",The system will allow an authorised staff user to close or reject a request with a recorded reason.,High,AC-FR-6.6 — Then the first attempt is refused and the second stores the reason and displays it in the history.,No architectural driver (§6A.3),Lifecycle & Work Record — transition model requestStatus.js (REASON_REQUIRED),"req.closure.{reason, closedAt, closedById}; the reason also stored as hist.body. closure.closedAt starts the NFR-4.2 retention clock",Pending - initial design decisions (Criterion E),"DEC-002 - MERN: MongoDB Atlas, Express, React, Node.js","Implemented — a reason is required for Closed and Rejected; closure.* recorded; Security Officer disposes security-category requests (PR #63, B-1)","Tested — tests/requestStatus.test.js, tests/statusTransitionService.test.js (npm test 80/80 on 30/09/2026)",Baselined,"DEC-017, PROC-001"
FR-6.7,"SCP-008, CON-007, CON-015, Master Brief s.2","The system will prevent any user, including an Administrator, from altering or deleting a recorded status transition, assignment or comment entry.",High,AC-FR-6.7 — Then no such operation is available and the entry is unchanged.,ASR-02 lifecycle integrity and audit,"Lifecycle & Work Record — RequestHistory model (append-only, DB-01), historyRepository (no mutating method); Atlas trigger in the data store (CON-015)","DB-01, three layers: repository interface; schema hooks incl. bulkWrite; Atlas role: app user has find+insert only on requestHistory. The sole exception is PROC-001 (CR-003)",Pending - initial design decisions (Criterion E),"DEC-002 - MERN: MongoDB Atlas, Express, React, Node.js","Partially implemented — append-only at layers 1 and 2: historyRepository exposes append and read only; RequestHistory schema middleware refuses update, delete and bulkWrite (DB-01). Layer 3 (Atlas role), the only layer that stops native-driver writes, is M3. PROC-001 exception pending CR-003 (OI-13)","Tested — tests/models.test.js (mutation paths refused), tests/statusTransitionService.test.js (npm test 80/80 on 30/09/2026); layer 3 verified at M3 against a test cluster",Baselined,CON-015; DEC-002; RSK-012; DB-01; CR-003; OI-13; review comment R-11
FR-7.1,SCP-009,The system will allow an authorised staff user to add a comment to a request.,High,AC-FR-7.1 — Then the comment is stored against the request and is visible to users authorised to view it.,No architectural driver (§6A.3),"Lifecycle & Work Record — work record service (application, planned)","hist changeType:'comment', body, attribution; append-only (DB-01). Visibility per DEC-012",DEC-015: POST /requests/{id}/comments + Idempotency-Key (duplicates on retry impossible) [further design entries pending - criterion E],"DEC-002 - MERN: MongoDB Atlas, Express, React, Node.js",Planned / Not Yet Implemented,Planned,Baselined,DEC-015
FR-7.2,SCP-009,The system will allow an authorised staff user to record an action taken against a request.,High,AC-FR-7.2 — Then the action is stored against the request.,No architectural driver (§6A.3),"Lifecycle & Work Record — work record service (application, planned)",hist changeType:'action',"as FR-7.1, /actions [further design entries pending - criterion E]","DEC-002 - MERN: MongoDB Atlas, Express, React, Node.js",Planned / Not Yet Implemented,Planned,Baselined,DEC-015
FR-7.3,"SCP-009, SCP-008","The system will record the authoring user, date and time against every comment and action entry.",High,"AC-FR-7.3 — Then it carries the authoring user, the date and the time.",ASR-02 lifecycle integrity and audit,Lifecycle & Work Record — history entry records author and time (append-only),"Audit fields on write: acting user, date, time",Pending - initial design decisions (Criterion E),"DEC-002 - MERN: MongoDB Atlas, Express, React, Node.js",Planned / Not Yet Implemented,Planned,Baselined,-
FR-7.4,"SCP-009, SCP-005",The system will display the comment and action history of a request in chronological order to users authorised to view it.,Medium,AC-FR-7.4 — Then all five entries are listed in ascending order of the time recorded.,ASR-01 consistent authorisation,"Lifecycle & Work Record — history read, filtered by access rule set (application)","Order by requestVersion (monotonic per request, DB-unique) rather than occurredAt, so clock skew cannot reorder the timeline",Pending - initial design decisions (Criterion E),"DEC-002 - MERN: MongoDB Atlas, Express, React, Node.js",Planned / Not Yet Implemented,Planned,Baselined,-
FR-7.5,"SCP-009, SCP-010",The system will allow an authorised staff user to record resolution information against a request.,High,AC-FR-7.5 — Then it is stored against the request and is visible in the request detail.,No architectural driver (§6A.3),Lifecycle & Work Record — resolution fields recorded by the transition to Resolved,req.resolution sub-document + hist changeType:'resolution' in one txn,Pending - initial design decisions (Criterion E),"DEC-002 - MERN: MongoDB Atlas, Express, React, Node.js",Planned / Not Yet Implemented,Planned,Baselined,DEC-016
FR-8.1,"SCP-011, STK-005",The system will present to a Manager the count of requests in each status.,High,AC-FR-8.1 — Then a count is shown for each status and the counts sum to the total number of requests within the applied filter.,ASR-04 scalability headroom; ASR-03 personal-information protection,Reporting — reportingProjectionSubscriber → reportingCounts (DEC-011),"reportingCounts {campusId, categoryId, status, count} projection (DEC-011 subscriber), rebuildable from req by the reconciliation job. Counts sum to the total (AC-FR-8.1) because the rebuild is exact",Pending - initial design decisions (Criterion E),"DEC-002 - MERN: MongoDB Atlas, Express, React, Node.js",Planned / Not Yet Implemented,Planned,Baselined,DEC-011; review comment R-17
FR-8.2,"SCP-011, STK-005",The system will present to a Manager the count of requests in each category.,High,AC-FR-8.2 — Then a count is shown for each category.,ASR-04 scalability headroom; ASR-03 personal-information protection,Reporting — reportingProjectionSubscriber → reportingCounts (DEC-011),Same projection grouped by categoryId,Pending - initial design decisions (Criterion E),"DEC-002 - MERN: MongoDB Atlas, Express, React, Node.js",Planned / Not Yet Implemented,Planned,Baselined,-
FR-8.3,"SCP-011, STK-005",The system will identify a request as overdue where its elapsed open time exceeds the target resolution time defined for its category.,High,AC-FR-8.3 — Then the first request is identified as overdue and the second is not.,No architectural driver (§6A.3),"Reporting — overdue calculation (application, planned; target undefined — C-02)",req.dueAt computed from categories.targetResolutionHours at submission; overdue = non-terminal ∧ dueAt < now,Pending - initial design decisions (Criterion E),"DEC-002 - MERN: MongoDB Atlas, Express, React, Node.js",Planned / Not Yet Implemented,Planned,Baselined,RSK-003 / C-02 (target not agreed)
FR-8.4,"SCP-011, STK-005",The system will allow a Manager to define and amend the target resolution time for each category.,Medium,AC-FR-8.4 — Then the value is stored and is used by the overdue calculation verified in AC-FR-8.3.,No architectural driver (§6A.3),Reporting + Reference Data — category target resolution time (planned),"categories.targetResolutionHours; an amendment recomputes dueAt for open requests in that category (batch, audited)",Pending - initial design decisions (Criterion E),"DEC-002 - MERN: MongoDB Atlas, Express, React, Node.js",Planned / Not Yet Implemented,Planned,Proposed — OI-02,OI-02; OI-02 (unchanged)
FR-8.5,"SCP-011, STK-005",The system will allow the management view to be filtered by submission date range and by category.,Medium,AC-FR-8.5 — Then the displayed counts include only requests matching both conditions.,ASR-04 scalability headroom,Reporting — filtered read of reportingCounts (data access),"Aggregation over req, index {campusId, submittedAt, categoryId}. Not served by reportingCounts, because counters cannot be sliced by an arbitrary date range",Pending - initial design decisions (Criterion E),"DEC-002 - MERN: MongoDB Atlas, Express, React, Node.js",Planned / Not Yet Implemented,Planned,Baselined,-
FR-8.6,"CFL-002, STK-006, STK-005, CON-007","The system will exclude security-category request detail from management views presented to users who do not hold the Security Officer role, while still including those requests in the status and category counts.",High,"AC-FR-8.6 — Then those requests are included in the status and category counts, and their description, comments and actions are not reachable from that view.",ASR-01 consistent authorisation,"Reporting — field-level rule in access rule set (application), DEC-012","reportingCounts holds no detail fields, so security requests are counted without exposure. Detail excluded at the serialiser",Pending - initial design decisions (Criterion E),"DEC-002 - MERN: MongoDB Atlas, Express, React, Node.js",Planned / Not Yet Implemented,Planned,Baselined,CFL-002; RSK-005; RSK-009; condition C-01
FR-9.1,"SCP-002, STK-007","The system will allow an Administrator to create, amend and deactivate a service request category.",Medium,AC-FR-9.1 — Then the category is no longer selectable on the submission form.,No architectural driver (§6A.3),"Reference Data — category administration service (application, planned)",categories.active flag; categories are never deleted,Pending - initial design decisions (Criterion E),"DEC-002 - MERN: MongoDB Atlas, Express, React, Node.js",Planned / Not Yet Implemented,Planned,Proposed — OI-03,OI-03; OI-03 (unchanged)
FR-1.6,"CON-019, STK-010, SCP-012, STK-007","The system will allow an Administrator to define user groups, assign authorisation to a group, and derive a user's effective permissions from the combination of their roles and their group memberships.",High,"AC-FR-1.6 — Then the user's effective permissions include the group's authorisation, and removing the user from the group withdraws it.",ASR-01 consistent authorisation,"Identity & Access — groups collection and effective-permission derivation (application, planned)","groups collection (permissions, categoryAuthorisations, active); users.groupIds. Removing a user from a group withdraws the authorisation at the next request, with no cached copy (AC-FR-1.6)",Pending - initial design decisions (Criterion E),"DEC-002 - MERN: MongoDB Atlas, Express, React, Node.js",Planned / Not Yet Implemented,Planned,Baselined,-
FR-9.2,"SCP-002, SCP-011, STK-005",The system will retain existing requests and their reporting history against a category that has been deactivated.,Medium,AC-FR-9.2 — Then those requests retain the category and continue to appear in the category counts verified in AC-FR-8.2.,ASR-03 personal-information protection,Reference Data + Reporting — deactivation flag; counts retained in reportingCounts,Retention rule applies: one month for identifiable data (DEC-005); aggregates retained beyond,Pending - initial design decisions (Criterion E),"DEC-002 - MERN: MongoDB Atlas, Express, React, Node.js",Planned / Not Yet Implemented,Planned,Baselined,-
NFR-1.1,"CON-008, CON-002, CON-004","The system will be fully operable through the current release and one prior release of Google Chrome, Microsoft Edge and Mozilla Firefox on Windows, with no client-side installation.",High,AC-NFR-1.1 — Then each journey completes with no functional failure and without any client-side installation.,ASR-06 deployability within cost,Physical tier 1 — browser client; no installation,No persistence consequence. Browser compatibility is a client property; the API contract is browser-agnostic JSON,Pending - initial design decisions (Criterion E),"DEC-002 - MERN: MongoDB Atlas, Express, React, Node.js | React client; browser set unconfirmed (OI-07)",Planned / Not Yet Implemented,Planned,Baselined — assumption open (OI-07),OI-07; OI-07 (browser set unconfirmed at DEC-002 closure)
NFR-1.2,"CON-011, DEC-007 (Revised), STK-010, CON-004","The system will present every Requester and Technician function usably at viewport widths from 360 CSS pixels upward, with no horizontal scrolling and no interactive control smaller than 44 x 44 CSS pixels.",High,AC-NFR-1.2 — Then no horizontal scrolling is required and every interactive control measures at least 44 x 44 CSS pixels.,Screened out — not architectural (§6A.3.2),Presentation layer — responsive React client,No persistence consequence. Viewport/usability is presentation-layer only,Pending - initial design decisions (Criterion E),"DEC-002 - MERN: MongoDB Atlas, Express, React, Node.js",Planned / Not Yet Implemented,Planned,Baselined,DEC-007
NFR-1.3,"SCP-016, CON-008","The system will operate with no runtime dependency on any campus system interface, including student records, HR and the asset register.",High,AC-NFR-1.3 — Then all four journeys complete successfully.,ASR-06 deployability within cost,All modules — no campus-system integration adapter exists (SCP-016),"No persistence consequence beyond isolation: no references to campus-system identifiers; users, categories and locations are held locally (SCP-016)",Pending - initial design decisions (Criterion E),"DEC-002 - MERN: MongoDB Atlas, Express, React, Node.js",Planned / Not Yet Implemented,Planned,Baselined,-
NFR-1.4,"CON-003, CON-006, CON-007, CON-014, CON-015","The system will write an immutable log entry for every authentication attempt, status transition and assignment action, and will retain those entries for a minimum of 90 days.",High,AC-NFR-1.4 — Then all three entries are present and unaltered.,ASR-02 lifecycle integrity and audit,Data store — Atlas trigger writes auditLog (scripts/atlas),"auditLog, purpose B, ≥ 90 days (TTL 92 d), minimised content (M-1)",Pending - initial design decisions (Criterion E),"DEC-002 - MERN: MongoDB Atlas, Express, React, Node.js",Planned / Not Yet Implemented,Planned,Baselined - CR-002 pending,OI-06; escalated at v0.3 - 90-day retention against the one-month rule; DEC-017; CR-002
NFR-1.5,"CON-003, CON-006",The system will be recoverable to a state no more than 24 hours old following total loss of the primary data store.,Medium,AC-NFR-1.5 — Then the system returns to service with all data recorded up to T.,ASR-06 deployability within cost,"Physical tier 3 — Atlas cluster plus operated backup (scripts/backup, DEC-010)","DEC-010 closed: mongodump every 12 h to an encrypted institutional server, 7-day retention, weekly restore into the test project with a consistency check. Free cluster: no --oplog, so the check reconciles cross-collection skew",Pending - initial design decisions (Criterion E),"DEC-002 - MERN: MongoDB Atlas, Express, React, Node.js | DEC-010 open: cluster tier and backup mechanism undecided",Planned / Not Yet Implemented,Planned,Baselined — verify under DEC-003,DEC-010; NFR-1.5 measurement basis; RSK-020
NFR-1.6,"CON-006, Master Brief s.17",The system will expose a health endpoint that reports application and data store availability without requiring a user account.,Low,AC-NFR-1.6 — Then it returns the application status and the data store status.,Screened out — not architectural (§6A.3.2),Presentation — health route (planned),Health check issues a database ping only; reads no collection and no personal data,"DEC-015: GET /api/v1/health (public, in PUBLIC_ROUTES); 503 on DB failure [further design entries pending - criterion E]","DEC-002 - MERN: MongoDB Atlas, Express, React, Node.js | Express health endpoint",Planned / Not Yet Implemented,Planned,Baselined,DEC-015
NFR-2.1,"CON-010, STK-010, STK-001, CFL-001, CON-005",The system will return the submission confirmation for a new service request within 3 seconds for 95% of submissions at a sustained load of 100 concurrent authenticated users.,High,"AC-NFR-2.1 — Then at least 95 confirmations are returned within 3 seconds, measured server-side.",ASR-04 scalability headroom,Requests module on a stateless tier-2 process (ASR-04),Submission = one txn of about 4 operations; within the free-cluster 100 ops/s ceiling at CON-010 load,Pending - initial design decisions (Criterion E),"DEC-002 - MERN: MongoDB Atlas, Express, React, Node.js",Planned / Not Yet Implemented,Planned,Baselined — CON-010 confirmed,RSK-019
NFR-2.2,"SCP-006, STK-004, CON-005, CON-010, CON-018",The system will return a filtered or sorted staff request list within 2 seconds for 95% of queries against a data set of 10 000 requests.,High,AC-NFR-2.2 — Then at least 95 return within 2 seconds.,ASR-04 scalability headroom,Data access — index-justified request-list queries,"All list queries index-backed (FR-4.4/4.5). 10 000 requests ≈ 44 MB, well inside 0.5 GB",Pending - initial design decisions (Criterion E),"DEC-002 - MERN: MongoDB Atlas, Express, React, Node.js",Planned / Not Yet Implemented,Planned,Baselined — assumption open (OI-10),OI-10; OI-10 (volume conflict; Atlas free-tier storage limit); OI-10 (storage half closed)
NFR-2.3,"SCP-011, STK-005, CON-005",The system will render the management view within 5 seconds for 95% of requests against 12 months of request data.,Medium,AC-NFR-2.3 — Then at least 95 render within 5 seconds.,Screened out — not architectural (§6A.3.2),Reporting — reportingCounts projection (DEC-011),"12-month aggregation on {campusId, submittedAt, categoryId}; anonymised requests remain countable",Pending - initial design decisions (Criterion E),"DEC-002 - MERN: MongoDB Atlas, Express, React, Node.js",Planned / Not Yet Implemented,Planned,Baselined,-
NFR-2.4,"CON-010, STK-010, CON-005, STK-005",The system will sustain 100 concurrent authenticated users with no failed request and no unhandled server error.,High,AC-NFR-2.4 — Then no request failed and no unhandled server error was recorded.,ASR-04 scalability headroom,Physical tier 2 — stateless application process,~9 ops per transition vs 100 ops/s ceiling ≈ 11 transitions/s sustained. Driver pool ≤ 50 per process against the 500-connection limit,Pending - initial design decisions (Criterion E),"DEC-002 - MERN: MongoDB Atlas, Express, React, Node.js",Planned / Not Yet Implemented,Planned,Baselined — CON-010 confirmed,RSK-019; DEC-010 upgrade trigger
NFR-2.5,"STK-005, CON-003","The system will be available for at least 99% of the campus operating window of 07:00 to 18:00 on weekdays, measured monthly.",Medium,AC-NFR-2.5 — Then the result is at least 99%.,ASR-06 deployability within cost,Physical tier 2 — single application instance (RSK-017),"Free cluster: 3-node replica set (node failure = election), but no SLA. App-host SPOF per DEC-003",Pending - initial design decisions (Criterion E),"DEC-002 - MERN: MongoDB Atlas, Express, React, Node.js",Planned / Not Yet Implemented,Planned,Baselined — assumption open (OI-04),OI-04; DEC-003
NFR-3.1,CON-006,"The system will store user authentication credentials only as salted, computationally slow one-way hashes, and will hold no reversible representation of a password.",High,AC-NFR-3.1 — Then the password appears only as a salted hash from a recognised slow hashing function and the plaintext appears nowhere.,Screened out — not architectural (§6A.3.2),Identity & Access — credential hashing (planned),users.passwordHash (select:false) holds an argon2id/bcrypt encoded hash only; no reversible credential field exists,Pending - initial design decisions (Criterion E),"DEC-002 - MERN: MongoDB Atlas, Express, React, Node.js",Planned / Not Yet Implemented,Planned,Baselined,-
NFR-3.2,"CON-006, CON-007",The system will transmit all client-server traffic over TLS version 1.2 or higher and will refuse unencrypted connections.,High,AC-NFR-3.2 — Then the connection is refused or redirected to TLS 1.2 or higher.,ASR-03 personal-information protection,Tier boundaries — TLS at Nginx (tier 1→2) and driver TLS (tier 2→3),"No application-level persistence consequence. Atlas enforces TLS on every driver connection; free clusters have no private endpoint, so DB traffic crosses the internet under TLS (residual, DEC-003)",Pending - initial design decisions (Criterion E),"DEC-002 - MERN: MongoDB Atlas, Express, React, Node.js | DEC-003 - TLS terminated at the application host",Planned / Not Yet Implemented,Planned,Baselined,DEC-003
NFR-3.3,"CON-019, STK-010, DEC-004, CON-006, CFL-002, CON-012","The system will enforce every authorisation rule at the server on each request, at every entry point including endpoints not reachable through the user interface, and will not treat the absence of a user interface control as an access restriction.",High,AC-NFR-3.3 — Then the server refuses the operation.,ASR-01 consistent authorisation,"Identity & Access — route guard src/middleware/authorise.js (presentation) + access rule set src/domain/accessRules.js (application), DEC-012; route-table test tests/authorisationGuard.test.js",Storage-level counterpart to the guard: app DB user civicconnect-app cannot update/delete requestHistory or auditLog,"DEC-015: the finite endpoint table is the ""every entry point"" checklist [further design entries pending - criterion E]","DEC-002 - MERN: MongoDB Atlas, Express, React, Node.js","Partially implemented (component level; not reachable over HTTP — see RTM header note) — Enforcement point 1: requireOperation() (src/middleware/authorise.js) is one composed guard evaluating OPERATION_RULES from src/domain/accessRules.js, the single rule set (DEC-012), on the only registered route, POST /api/v1/requests/{id}/transitions. It fails closed: no actor → 401; an identity supplied in a request header → 403; an operation with no documented rule cannot be guarded. Enforcement point 2: mayActOnRequest() in the transition service; its security-category rule is the OI-15 inference, not a requirement. Enforcement point 3 (response serialiser) not built: blocked on CFL-002 (C-01, RSK-009)","Tested (points 1 and 2) — tests/authorisationGuard.test.js walks the request router's route table and fails if any route not listed as public (none are) lacks the guard; negative verification in docs/evidence/R-01_negative_verification.txt (an unguarded route was added and the assertion failed). Further guard tests cover refusal before the handler, the unauthenticated case, client-supplied identity and undocumented operations. Point 2: tests/statusTransitionService.test.js (category authorisation, security category). npm test 80/80 on 30/09/2026. Limits: the assertion covers src/routes/requestRoutes.js only, so each new router must be added to it; point 3 is untested; adversarial testing against a deployed server (CON-019) is M3",Baselined,"DEC-004; CFL-002; RSK-005; RSK-009; condition C-01; DEC-012, DEC-015"
NFR-3.4,"CON-006, CON-007",The system will terminate an authenticated session after 30 minutes without user activity and will require re-authentication.,Medium,AC-NFR-3.4 — Then the system requires re-authentication before proceeding.,ASR-01 consistent authorisation,Identity & Access — session store expiry (planned),Sessions in a MongoDB-backed store with 30-minute idle expiry (TTL on lastSeenAt),Pending - initial design decisions (Criterion E),"DEC-002 - MERN: MongoDB Atlas, Express, React, Node.js",Planned / Not Yet Implemented,Planned,Baselined,-
NFR-3.5,"CON-006, Master Brief s.9","The system will hold no password, API key, token or connection secret at any commit in the source repository.",High,"AC-NFR-3.5 — Then no password, API key, token or connection secret is reported.",ASR-06 deployability within cost,Repository — environment configuration outside the repo; CI secret scan (#52),Connection URIs only in /etc/civicconnect/*.env and CI secrets; scripts/atlas/ config in the repo contains no credentials,Pending - initial design decisions (Criterion E),"DEC-002 - MERN: MongoDB Atlas, Express, React, Node.js | Secrets held as environment configuration, not in the repository",Planned / Not Yet Implemented,Planned,Baselined,DEC-003
NFR-3.6,"CON-007, SCP-008, STK-009","The system will make the acting user, action and timestamp of every status transition and assignment retrievable for audit by an authorised user.",High,"AC-NFR-3.6 — Then the acting user, action and timestamp of each are returned.",ASR-02 lifecycle integrity and audit,Lifecycle & Work Record — history read; auditLog in the data store,"Within retention: hist.actorId/actorRole/occurredAt. Beyond it: auditLog (index {requestId, occurredAt}) for 90 days",Pending - initial design decisions (Criterion E),"DEC-002 - MERN: MongoDB Atlas, Express, React, Node.js",Planned / Not Yet Implemented,Planned,Baselined,DEC-017
NFR-1.7,"CON-012, STK-010, CON-005","The system will implement a layered architecture in which presentation components do not reference data-access components directly, and every dependency crosses exactly one layer boundary in one direction.",High,"AC-NFR-1.7 — Then no presentation component references a data-access component, and every inter-layer dependency crosses exactly one boundary in one direction.",ASR-05 maintainability,All layers — closed single-boundary dependency rule (§6A.5); automated check planned in CI,"Repositories are the only data-access layer; routes and middleware never import models (asserted in review, to be linted in C's CI)",Pending - initial design decisions (Criterion E),"DEC-002 - MERN: MongoDB Atlas, Express, React, Node.js",Planned / Not Yet Implemented,Planned,Baselined,-
NFR-1.8,"CON-016, CON-006, CON-007, STK-010","The system will maintain separate database schemas for development, test, staging and production, with no shared data between them, and will apply every schema change through a scripted repeatable migration rather than manual alteration.",High,"AC-NFR-1.8 — Then each holds a separate schema, no environment reads another's data, and every schema change is traceable to a migration script rather than a manual alteration.",ASR-06 deployability within cost,Physical tier 3 — database per environment; configuration loading (data access),Schema migration artefact; separate schema per environment (NFR-1.8),Pending - initial design decisions (Criterion E),"DEC-002 - MERN: MongoDB Atlas, Express, React, Node.js | DEC-003 - Hostinger environments; Atlas database per environment",Planned / Not Yet Implemented,Planned,Baselined,-
NFR-1.9,"CON-015, CON-006, SCP-008, STK-010","The system will hold every database schema change as an identifiable, ordered, version-controlled migration script in the team repository, and will record every modification to a request, its status or its assignment through database-level triggers that the application cannot bypass.",High,"AC-NFR-1.9 — Then a trigger-written audit row exists for that modification, and the migration script that created the trigger is present and ordered in the repository.",ASR-02 lifecycle integrity and audit,Data access — versioned migration scripts; data store — Atlas triggers,"Database-level audit via Atlas managed triggers (DEC-002); trigger definition held in scripts/atlas/app/triggers/, full_document:false, unattributed writes flagged (actorSource:'unattributed')",Pending - initial design decisions (Criterion E),"DEC-002 - MERN: MongoDB Atlas, Express, React, Node.js | Atlas managed database triggers satisfy the CON-015 mechanism",Planned / Not Yet Implemented,Planned,Baselined,CON-015; DEC-002; DEC-016; DEC-017; RSK-018
NFR-1.10,"CON-017, SCP-007, SCP-008, STK-010","The system will execute every operation that writes to more than one table inside a single transaction, such that a failure at any point commits no partial change.",High,AC-NFR-1.10 — Then no partial change is committed and all three tables remain in their pre-transition state.,ASR-02 lifecycle integrity and audit,Application layer — unit of work src/infrastructure/unitOfWork.js (DEC-016),Txn encloses req + hist (+ counters); auditLog eventually consistent (≤ 60 s) via trigger; notifications/counts after commit,Pending - initial design decisions (Criterion E),"DEC-002 - MERN: MongoDB Atlas, Express, React, Node.js | Atlas replica set required for multi-document transactions",Planned / Not Yet Implemented,Planned,Baselined,DEC-016; CR-001; RSK-018
NFR-1.11,"CON-014, CON-005, CON-007, STK-010","The system will emit a structured performance log entry for every request-handling operation, recording the operation, its duration in milliseconds and its outcome, and containing no personal information.",High,"AC-NFR-1.11 — Then each operation has one structured entry recording operation, duration in milliseconds and outcome, and no entry contains a name, e-mail address, student number or free-text description.",ASR-03 personal-information protection,Data access layer — performance logger excluding personal information (planned),"Not stored in MongoDB: structured JSON to journald, 30-day rotation, no personal information (purpose D)",Pending - initial design decisions (Criterion E),"DEC-002 - MERN: MongoDB Atlas, Express, React, Node.js",Planned / Not Yet Implemented,Planned,Baselined,OI-06; DEC-017
NFR-2.6,"CON-018, CON-010, STK-010","The system will maintain a documented indexing strategy in which every index is justified against a named query arising from FR-4.3, FR-4.4, FR-4.5 or FR-8.1 to FR-8.5, and no index exists without such a justification.",Medium,"AC-NFR-2.6 — Then each index is justified against a named query from FR-4.3, FR-4.4, FR-4.5 or FR-8.1 to FR-8.5, and no unjustified index is present.",ASR-04 scalability headroom,Data access — index definitions in the models (data baseline),Indexing strategy; every index justified against a named query (NFR-2.6); CR-004 pending (integrity indexes and FR-3.x queries),Pending - initial design decisions (Criterion E),"DEC-002 - MERN: MongoDB Atlas, Express, React, Node.js",Planned / Not Yet Implemented,Planned,Baselined,CR-004
NFR-2.7,"CON-010, STK-010, CON-018","The system will hold no user session state in application process memory and will perform no unindexed full-table scan on any request-list or reporting query, so that capacity can be raised toward 1 000 users without redesign.",High,AC-NFR-2.7 — Then no user session state is held in process memory and no query plan contains a full-table scan on the request or audit tables.,ASR-04 scalability headroom,Physical tier 2 — no in-process session state; sessions in MongoDB (DEC-003),Indexing strategy; every index justified against a named query (NFR-2.6),Pending - initial design decisions (Criterion E),"DEC-002 - MERN: MongoDB Atlas, Express, React, Node.js | Session state held outside the application process",Planned / Not Yet Implemented,Planned,Baselined,-
NFR-3.7,"CON-019, CON-007, STK-010","The system will encrypt personal information at rest using a current recognised algorithm, in addition to the transport encryption required by NFR-3.2.",High,AC-NFR-3.7 — Then the personal information is not readable as plaintext.,ASR-03 personal-information protection,Physical tier 3 — Atlas encryption at rest (evidence item open),Encryption at rest for personal information (NFR-3.7); Atlas at-rest volume encryption - sufficiency against CON-019 is an open evidence item (DEC-003),Pending - initial design decisions (Criterion E),"DEC-002 - MERN: MongoDB Atlas, Express, React, Node.js",Planned / Not Yet Implemented,Planned,Baselined,DEC-003
NFR-4.1,"CON-007, STK-009, CFL-004","The system will capture only the personal information necessary to submit, assign, resolve and report on a service request.",High,AC-NFR-4.1 — Then every field maps to at least one of those purposes and no field maps to none.,ASR-03 personal-information protection,Requests — Request model captures only FR-2.2 fields plus submitter,Field inventory: every personal field is enumerated in REQUEST_PERSONAL_FIELDS / HISTORY_PERSONAL_FIELDS and mapped to a purpose in DEC-017. title removed (no purpose),Pending - initial design decisions (Criterion E),"DEC-002 - MERN: MongoDB Atlas, Express, React, Node.js",Planned / Not Yet Implemented,Planned,Baselined,CFL-004; DEC-017
NFR-4.2,"CFL-004, DEC-005, CON-007","The system will retain identifiable request data for no longer than one month from closure of the request, and will retain aggregated non-identifying statistics beyond that period.",High,AC-NFR-4.2 - Then that data is no longer present and the corresponding aggregated non-identifying statistics remain available.,ASR-03 personal-information protection,Requests — PROC-001 anonymisation (scripts/retention); Reporting keeps non-identifying counts,"PROC-001 twice monthly, eligibility ≥ 14 days after closure.closedAt, so every request is anonymised within 14–30 days; nulls the listed fields, preserves aggregates",Pending - initial design decisions (Criterion E),"DEC-002 - MERN: MongoDB Atlas, Express, React, Node.js | DEC-005 - one-month retention",Planned / Not Yet Implemented,Planned,Baselined - assumption open (OI-12),DEC-005; CFL-004; RSK-002; OI-12; DEC-017; PROC-001; CR-002
NFR-4.3,"CON-007, STK-009","The system will present, at the point of submission, a notice stating what personal information is collected, the purpose of collection and who may access it.",High,"AC-NFR-4.3 — Then a notice stating what personal information is collected, why, and who may access it is displayed before the requester can submit.",Screened out — not architectural (§6A.3.2),Presentation — submission notice,No persistence consequence. The notice is presentation content; no consent record is required for this purpose,Pending - initial design decisions (Criterion E),"DEC-002 - MERN: MongoDB Atlas, Express, React, Node.js",Planned / Not Yet Implemented,Planned,Baselined,-
NFR-4.4,"STK-006, CFL-002, CON-007","The system will restrict access to security-category request detail to users holding the Security Officer role, in accordance with the confidentiality expectation recorded in CFL-002.",High,"AC-NFR-4.4 — Then no description, comment or action content is returned.",ASR-01 consistent authorisation,"Identity & Access — route guard src/middleware/authorise.js (presentation) + access rule set src/domain/accessRules.js (application), DEC-012",As FR-1.5: securityCategory snapshot + serialiser field filtering,Pending - initial design decisions (Criterion E),"DEC-002 - MERN: MongoDB Atlas, Express, React, Node.js",Planned / Not Yet Implemented,Planned,Baselined,"CFL-002; RSK-005; RSK-009; condition C-01; CFL-002, C-01"
NFR-4.5,"STK-009, CON-007",The system will allow the Information Officer to retrieve a record of which users accessed a given request's personal information.,Medium,"AC-NFR-4.5 — Then both accesses are listed with the user, date and time.",ASR-03 personal-information protection; ASR-02 lifecycle integrity and audit,Identity & Access — personal-information access log (planned),"App-written auditLog entries origin:'access', eventType:'access.read' when personal detail is served; 90 days",Pending - initial design decisions (Criterion E),"DEC-002 - MERN: MongoDB Atlas, Express, React, Node.js",Planned / Not Yet Implemented,Planned,Baselined,DEC-017; RSK-019 (each read adds a write)
